{"cameraMode":{"drawMode":0,"name":"Shaded","section":"Shading Mode"},"sceneLighting":true,"audioPlay":false,"sceneViewState":{"showFog":true,"showMaterialUpdate":true,"showSkybox":true,"showFlares":true,"showImageEffects":true,"showParticleSystems":true},"in2DMode":false,"pivot":{"x":272.4498596191406,"y":14.537843704223633,"z":270.5838317871094},"rotation":{"x":0.00004829479439649731,"y":-0.9915786385536194,"z":0.00042571895755827427,"w":0.12950558960437776},"size":15.11158275604248,"orthographic":false}